Workbook

Sheet DocTruoc
A1: DỮ LIỆU MÔ PHỎNG — KHÔNG PHẢI KHẢO SÁT THẬT
A2: 20 phản hồi SIM-S01…S20 do AI (Claude Opus 5.5) tạo ngày 20/10/2026 để thử form và sheet phân tích.
A3: Dữ liệu được tạo theo hướng ủng hộ giả định của nhóm, nên KHÔNG dùng làm bằng chứng. Nhãn: Assumed.
A4: Khi có khảo sát thật: Google Sheet → File → Download → CSV, dán đè vào sheet PhanHoi từ ô C2 (giữ nguyên thứ tự cột).
A5: Sheet PhanTich tự tính lại. Sau đó đổi nhãn sang Reported và ghi số phản hồi, ngày vào ux/p1-research.md.

Sheet PhanHoi
A1: Mã | B1: Thời gian | C1: Q0 Đồng ý | D1: Q1 Năm học | E1: Q2 Nơi ở | F1: Q3 Số slot/ngày | G1: Q4 Điện thoại | H1: Q5 Phút nghỉ giữa 2 slot | I1: Q6 Di chuyển giữa phòng | J1: Q7 Cầm máy khi đi | K1: Q8 Lần mua gần nhất | L1: Q9 Thời gian chờ | M1: Q10 Số lần bỏ mua 7 ngày | N1: Q11 Bỏ mua thì làm gì | O1: Q12 Đã biết trước khi mua | P1: Q13 Quán mở/đóng | Q1: Q13 Món còn/hết | R1: Q13 Thời gian chờ | S1: Q13 Tổng tiền | T1: Q13 Khuyến mãi | U1: Q14 App đặt đồ ăn | V1: Q15 Lần cài app gần nhất | W1: Q16 Khả năng cài (1–5) | X1: Q17 Lý do không cài | Y1: Q18 Cách trả tiền | Z1: Q19 Từng lỗi thanh toán | AA1: Q20 Xử lý lỗi | AB1: Q21 Kể lại | AC1: Q22 Liên hệ
A2: SIM-S01 | B2: 20/10/2026 19:00 | C2: Tôi đồng ý tham gia | D2: Năm 1 | E2: Ký túc xá | F2: 2 | G2: Android | H2: 10–15 phút | I2: 2–5 phút | J2: Một tay | K2: Hôm nay | L2: 6–10 phút | M2: 1 | N2: Nhịn tới bữa sau | O2: Giá | P2: 5 | Q2: 4 | R2: 5 | S2: 4 | T2: 3 | U2: ShopeeFood | V2: Trong tháng này | W2: 4 | X2: Phải đăng ký tài khoản | Y2: Chuyển khoản / QR ngân hàng | Z2: Có | AA2: Trả tiền mặt
A3: SIM-S02 | B3: 20/10/2026 19:07 | C3: Tôi đồng ý tham gia | D3: Năm 2 | E3: Nhà trọ gần trường | F3: 3 | G3: iPhone | H3: Dưới 10 phút | I3: Trên 5 phút | J3: Một tay | K3: Trong tuần này | L3: Trên 10 phút | M3: 2–3 | N3: Nhịn tới bữa sau, Mua ở ngoài cổng | O3: Không biết gì cả | P3: 4 | Q3: 4 | R3: 5 | S3: 4 | T3: 2 | U3: GrabFood, ShopeeFood | V3: Trong tuần này | W3: 5 | X3: Không có lý do | Y3: Chuyển khoản / QR ngân hàng, Ví điện tử (MoMo, ZaloPay…) | Z3: Có | AA3: Đổi sang cách trả khác | AB3: Ra căn tin thì hàng dài, đứng 10 phút chưa tới lượt nên bỏ về lớp, nhịn tới trưa.
A4: SIM-S03 | B4: 20/10/2026 19:14 | C4: Tôi đồng ý tham gia | D4: Năm 2 | E4: Ký túc xá | F4: 2 | G4: Android | H4: 10–15 phút | I4: 2–5 phút | J4: Hai tay | K4: Trong tuần này | L4: 6–10 phút | M4: 1 | N4: Ăn đồ mang theo | O4: Giá, Món nào còn | P4: 5 | Q4: 5 | R4: 5 | S4: 3 | T4: 3 | U4: ShopeeFood | V4: Trong tháng này | W4: 4 | X4: Phải đăng ký tài khoản, Tốn bộ nhớ | Y4: Tiền mặt, Chuyển khoản / QR ngân hàng | Z4: Không
A5: SIM-S04 | B5: 20/10/2026 19:21 | C5: Tôi đồng ý tham gia | D5: Năm 3 | E5: Nhà riêng / người thân | F5: 2 | G5: Android | H5: 16–20 phút | I5: Dưới 2 phút | J5: Một tay | K5: Trong tháng này | L5: 3–5 phút | M5: 0 | N5: Không áp dụng | O5: Quán mở hay đóng, Giá | P5: 4 | Q5: 3 | R5: 4 | S5: 4 | T5: 4 | U5: Không dùng | V5: Vài tháng trước | W5: 2 | X5: Ít khi mua ở trường | Y5: Tiền mặt | Z5: Không
A6: SIM-S05 | B6: 20/10/2026 19:28 | C6: Tôi đồng ý tham gia | D6: Năm 1 | E6: Ký túc xá | F6: 3 | G6: Android | H6: 10–15 phút | I6: 2–5 phút | J6: Một tay | K6: Hôm nay | L6: 6–10 phút | M6: 2–3 | N6: Mua ở ngoài cổng | O6: Không biết gì cả | P6: 5 | Q6: 4 | R6: 5 | S6: 5 | T6: 3 | U6: ShopeeFood, beFood | V6: Trong tháng này | W6: 4 | X6: Phải đăng ký tài khoản | Y6: Chuyển khoản / QR ngân hàng | Z6: Có | AA6: Trả tiền mặt
A7: SIM-S06 | B7: 20/10/2026 19:35 | C7: Tôi đồng ý tham gia | D7: Năm 2 | E7: Nhà trọ gần trường | F7: 4 trở lên | G7: iPhone | H7: Dưới 10 phút | I7: Trên 5 phút | J7: Một tay | K7: Trong tuần này | L7: Trên 10 phút | M7: 4 lần trở lên | N7: Nhịn tới bữa sau, Đặt app giao hàng | O7: Giá | P7: 4 | Q7: 4 | R7: 4 | S7: 3 | T7: 2 | U7: GrabFood | V7: Trong tuần này | W7: 3 | X7: Đã có app khác, Phải đăng ký tài khoản | Y7: Ví điện tử (MoMo, ZaloPay…), Thẻ | Z7: Có | AA7: Bỏ đơn | AB7: Chuyển khoản xong quầy chưa thấy tiền, phải đứng chờ kiểm tra nên vào lớp trễ.
A8: SIM-S07 | B8: 20/10/2026 19:42 | C8: Tôi đồng ý tham gia | D8: Năm 3 | E8: Nhà trọ gần trường | F8: 2 | G8: Android | H8: 10–15 phút | I8: 2–5 phút | J8: Hai tay | K8: Trong tuần này | L8: 6–10 phút | M8: 1 | N8: Nhịn tới bữa sau | O8: Không biết gì cả | P8: 5 | Q8: 5 | R8: 5 | S8: 4 | T8: 3 | U8: ShopeeFood | V8: Trong tháng này | W8: 5 | X8: Không có lý do | Y8: Chuyển khoản / QR ngân hàng | Z8: Không
A9: SIM-S08 | B9: 20/10/2026 19:49 | C9: Tôi đồng ý tham gia | D9: Năm 4 trở lên | E9: Ký túc xá | F9: 3 | G9: iPhone | H9: Trên 20 phút | I9: Dưới 2 phút | J9: Không dùng khi đi bộ | K9: Trong tháng này | L9: Dưới 3 phút | M9: 0 | N9: Không áp dụng | O9: Quán mở hay đóng, Giá | P9: 3 | Q9: 4 | R9: 4 | S9: 4 | T9: 3 | U9: GrabFood, ShopeeFood | V9: Vài tháng trước | W9: 3 | X9: Ít khi mua ở trường, Tốn bộ nhớ | Y9: Tiền mặt, Chuyển khoản / QR ngân hàng | Z9: Không
A10: SIM-S09 | B10: 20/10/2026 19:56 | C10: Tôi đồng ý tham gia | D10: Năm 2 | E10: Nhà riêng / người thân | F10: 2 | G10: Android | H10: 16–20 phút | I10: 2–5 phút | J10: Một tay | K10: Lâu hơn | L10: Không nhớ | M10: 0 | N10: Không áp dụng | O10: Giá | P10: 4 | Q10: 3 | R10: 3 | S10: 4 | T10: 4 | U10: Không dùng | V10: Không nhớ | W10: 2 | X10: Ít khi mua ở trường | Y10: Tiền mặt | Z10: Không
A11: SIM-S10 | B11: 20/10/2026 20:03 | C11: Tôi đồng ý tham gia | D11: Năm 1 | E11: Ký túc xá | F11: 2 | G11: Android | H11: 10–15 phút | I11: 2–5 phút | J11: Một tay | K11: Hôm nay | L11: 6–10 phút | M11: 2–3 | N11: Mua ở ngoài cổng | O11: Không biết gì cả | P11: 5 | Q11: 5 | R11: 5 | S11: 4 | T11: 3 | U11: ShopeeFood | V11: Trong tuần này | W11: 4 | X11: Tốn bộ nhớ | Y11: Chuyển khoản / QR ngân hàng, Ví điện tử (MoMo, ZaloPay…) | Z11: Có | AA11: Thử lại cách cũ | AB11: Không biết quán hết bánh mì, đi xuống rồi mới biết, quay lên không kịp mua chỗ khác.
A12: SIM-S11 | B12: 20/10/2026 20:10 | C12: Tôi đồng ý tham gia | D12: Năm 3 | E12: Nhà trọ gần trường | F12: 3 | G12: Android | H12: Dưới 10 phút | I12: Trên 5 phút | J12: Một tay | K12: Trong tuần này | L12: 6–10 phút | M12: 2–3 | N12: Nhịn tới bữa sau | O12: Giá | P12: 4 | Q12: 4 | R12: 5 | S12: 3 | T12: 2 | U12: GrabFood | V12: Vài tháng trước | W12: 3 | X12: Phải đăng ký tài khoản, Lo về thanh toán | Y12: Tiền mặt, Chuyển khoản / QR ngân hàng | Z12: Có | AA12: Trả tiền mặt | AB12: Giờ nghỉ 10 phút mà phòng ở tầng 5, xuống tới nơi đông quá nên thôi.
A13: SIM-S12 | B13: 20/10/2026 20:17 | C13: Tôi đồng ý tham gia | D13: Năm 2 | E13: Ký túc xá | F13: 2 | G13: iPhone | H13: 10–15 phút | I13: 2–5 phút | J13: Hai tay | K13: Trong tuần này | L13: 3–5 phút | M13: 0 | N13: Không áp dụng | O13: Quán mở hay đóng | P13: 5 | Q13: 4 | R13: 5 | S13: 4 | T13: 3 | U13: ShopeeFood, Xanh SM Ngon | V13: Trong tháng này | W13: 5 | X13: Không có lý do | Y13: Chuyển khoản / QR ngân hàng | Z13: Không
A14: SIM-S13 | B14: 20/10/2026 20:24 | C14: Tôi đồng ý tham gia | D14: Năm 1 | E14: Nhà riêng / người thân | F14: 1 | G14: Android | H14: Không nhớ | I14: Dưới 2 phút | J14: Một tay | K14: Chưa bao giờ | O14: Không biết gì cả | P14: 3 | Q14: 3 | R14: 3 | S14: 4 | T14: 3 | U14: Không dùng | V14: Vài tháng trước | W14: 1 | X14: Ít khi mua ở trường, Đã có app khác | Y14: Tiền mặt | Z14: Không
A15: SIM-S14 | B15: 20/10/2026 20:31 | C15: Tôi đồng ý tham gia | D15: Năm 2 | E15: Nhà trọ gần trường | F15: 3 | G15: Android | H15: 10–15 phút | I15: 2–5 phút | J15: Một tay | K15: Trong tuần này | L15: 6–10 phút | M15: 1 | N15: Ăn đồ mang theo | O15: Giá, Món nào còn | P15: 5 | Q15: 5 | R15: 5 | S15: 5 | T15: 4 | U15: ShopeeFood | V15: Trong tháng này | W15: 4 | X15: Phải đăng ký tài khoản | Y15: Chuyển khoản / QR ngân hàng, Ví điện tử (MoMo, ZaloPay…) | Z15: Có | AA15: Đổi sang cách trả khác
A16: SIM-S15 | B16: 20/10/2026 20:38 | C16: Tôi đồng ý tham gia | D16: Năm 3 | E16: Ký túc xá | F16: 2 | G16: iPhone | H16: 16–20 phút | I16: Dưới 2 phút | J16: Hai tay | K16: Trong tháng này | L16: 3–5 phút | M16: 0 | N16: Không áp dụng | O16: Giá | P16: 4 | Q16: 4 | R16: 4 | S16: 3 | T16: 2 | U16: GrabFood, ShopeeFood | V16: Vài tháng trước | W16: 3 | X16: Tốn bộ nhớ, Đã có app khác | Y16: Tiền mặt, Chuyển khoản / QR ngân hàng | Z16: Không
A17: SIM-S16 | B17: 20/10/2026 20:45 | C17: Tôi đồng ý tham gia | D17: Năm 4 trở lên | E17: Nhà trọ gần trường | F17: 2 | G17: Android | H17: Dưới 10 phút | I17: Trên 5 phút | J17: Một tay | K17: Trong tuần này | L17: Trên 10 phút | M17: 2–3 | N17: Đặt app giao hàng, Mua ở ngoài cổng | O17: Không biết gì cả | P17: 4 | Q17: 4 | R17: 4 | S17: 4 | T17: 3 | U17: ShopeeFood | V17: Trong tuần này | W17: 4 | X17: Phải đăng ký tài khoản, Lo về thanh toán | Y17: Chuyển khoản / QR ngân hàng, Ví điện tử (MoMo, ZaloPay…) | Z17: Có | AA17: Trả tiền mặt | AB17: Đặt ShopeeFood nhưng shipper không vào được tòa nhà, phải chạy ra cổng lấy.
A18: SIM-S17 | B18: 20/10/2026 20:52 | C18: Tôi đồng ý tham gia | D18: Năm 2 | E18: Ký túc xá | F18: 3 | G18: iPhone | H18: 10–15 phút | I18: 2–5 phút | J18: Một tay | K18: Hôm nay | L18: 6–10 phút | M18: 1 | N18: Nhịn tới bữa sau | O18: Giá | P18: 5 | Q18: 5 | R18: 5 | S18: 4 | T18: 3 | U18: GrabFood | V18: Trong tháng này | W18: 5 | X18: Tốn bộ nhớ | Y18: Chuyển khoản / QR ngân hàng | Z18: Không
A19: SIM-S18 | B19: 20/10/2026 20:59 | C19: Tôi đồng ý tham gia | D19: Năm 1 | E19: Nhà riêng / người thân | F19: 2 | G19: Android | H19: Trên 20 phút | I19: Dưới 2 phút | J19: Không dùng khi đi bộ | K19: Chưa bao giờ | O19: Không biết gì cả | P19: 4 | Q19: 4 | R19: 5 | S19: 4 | T19: 3 | U19: Không dùng | V19: Không nhớ | W19: 2 | X19: Ít khi mua ở trường, Phải đăng ký tài khoản | Y19: Tiền mặt | Z19: Không
A20: SIM-S19 | B20: 20/10/2026 21:06 | C20: Tôi đồng ý tham gia | D20: Năm 3 | E20: Nhà trọ gần trường | F20: 3 | G20: Android | H20: 10–15 phút | I20: 2–5 phút | J20: Hai tay | K20: Trong tuần này | L20: 3–5 phút | M20: 0 | N20: Không áp dụng | O20: Quán mở hay đóng, Giá | P20: 5 | Q20: 4 | R20: 5 | S20: 4 | T20: 4 | U20: ShopeeFood, beFood | V20: Trong tháng này | W20: 4 | X20: Phải đăng ký tài khoản, Tốn bộ nhớ | Y20: Tiền mặt, Chuyển khoản / QR ngân hàng, Ví điện tử (MoMo, ZaloPay…) | Z20: Có | AA20: Thử lại cách cũ
A21: SIM-S20 | B21: 20/10/2026 21:13 | C21: Tôi đồng ý tham gia | D21: Năm 2 | E21: Ký túc xá | F21: 2 | G21: iPhone | H21: 16–20 phút | I21: 2–5 phút | J21: Một tay | K21: Trong tháng này | L21: Dưới 3 phút | M21: 0 | N21: Không áp dụng | O21: Giá | P21: 4 | Q21: 4 | R21: 4 | S21: 3 | T21: 2 | U21: GrabFood | V21: Vài tháng trước | W21: 3 | X21: Đã có app khác, Lo về thanh toán | Y21: Chuyển khoản / QR ngân hàng, Ví điện tử (MoMo, ZaloPay…) | Z21: Không

Sheet PhanTich
A1: Chỉ số | B1: Giá trị | C1: Ngưỡng | D1: Kết luận | E1: Câu | G1: Q13 · Thông tin | H1: Điểm TB
A2: Số phản hồi | B2: =COUNTA(PhanHoi!$A$2:$A$21) -> 20 | G2: Quán mở/đóng | H2: =AVERAGE(PhanHoi!$P$2:$P$21) -> 4.35
A3: H1 · Tỉ lệ nghỉ ≤ 15 phút | B3: =(COUNTIF(PhanHoi!$H$2:$H$21,"Dưới 10 phút")+COUNTIF(PhanHoi!$H$2:$H$21,"10–15 phút"))/B2 -> 0.65 | C3: 0.5 | D3: =IF(B3>=C3,"Đạt","Không đạt") -> Đạt | E3: Q5 | G3: Món còn/hết | H3: =AVERAGE(PhanHoi!$Q$2:$Q$21) -> 4.1
A4: Số người từng mua ở trường | B4: =B2-COUNTIF(PhanHoi!$K$2:$K$21,"Chưa bao giờ") -> 18 | E4: Q8 | G4: Thời gian chờ | H4: =AVERAGE(PhanHoi!$R$2:$R$21) -> 4.5
A5: H2 · Tỉ lệ bỏ mua ≥ 1 lần / 7 ngày (trên người từng mua) | B5: =(B4-COUNTIF(PhanHoi!$M$2:$M$21,"0"))/B4 -> 0.61111111 | C5: 0.4 | D5: =IF(B5>=C5,"Đạt","Không đạt") -> Đạt | E5: Q10 | G5: Tổng tiền | H5: =AVERAGE(PhanHoi!$S$2:$S$21) -> 3.85
A6: H2 · Tỉ lệ chờ ≥ 6 phút (trên người từng mua) | B6: =(COUNTIF(PhanHoi!$L$2:$L$21,"6–10 phút")+COUNTIF(PhanHoi!$L$2:$L$21,"Trên 10 phút"))/B4 -> 0.61111111 | C6: 0.5 | D6: =IF(B6>=C6,"Đạt","Không đạt") -> Đạt | E6: Q9 | G6: Khuyến mãi | H6: =AVERAGE(PhanHoi!$T$2:$T$21) -> 2.95
A7: H3 · Điểm TB: quán mở/đóng | B7: =AVERAGE(PhanHoi!$P$2:$P$21) -> 4.35 | C7: 4 | D7: =IF(B7>=C7,"Đạt","Không đạt") -> Đạt | E7: Q13
A8: H3 · Điểm TB: thời gian chờ | B8: =AVERAGE(PhanHoi!$R$2:$R$21) -> 4.5 | C8: 4 | D8: =IF(B8>=C8,"Đạt","Không đạt") -> Đạt | E8: Q13
A9: H3 · Tỉ lệ 'Không biết gì cả' trước khi mua | B9: =COUNTIF(PhanHoi!$O$2:$O$21,"Không biết gì cả")/B2 -> 0.35 | D9: Tham khảo | E9: Q12
A10: H4 · Tỉ lệ chọn 4–5 khả năng cài app | B10: =(COUNTIF(PhanHoi!$W$2:$W$21,4)+COUNTIF(PhanHoi!$W$2:$W$21,5))/B2 -> 0.55 | C10: 0.5 | D10: =IF(B10>=C10,"Đạt","Không đạt") -> Đạt | E10: Q16
A11: H4 · Lý do từ chối: Phải đăng ký tài khoản | B11: =COUNTIF(PhanHoi!$X$2:$X$21,"*đăng ký*") -> 9 | D11: Tham khảo | E11: Q17
A12: H4 · Lý do từ chối: Tốn bộ nhớ | B12: =COUNTIF(PhanHoi!$X$2:$X$21,"*bộ nhớ*") -> 6 | D12: Tham khảo | E12: Q17
A13: H4 · Lý do từ chối: Ít khi mua ở trường | B13: =COUNTIF(PhanHoi!$X$2:$X$21,"*Ít khi*") -> 5 | D13: Tham khảo | E13: Q17
A14: Số người từng lỗi thanh toán | B14: =COUNTIF(PhanHoi!$Z$2:$Z$21,"Có") -> 9 | E14: Q19
A15: H5 · Tỉ lệ xử lý bằng tiền mặt / đổi cách trả | B15: =(COUNTIF(PhanHoi!$AA$2:$AA$21,"Trả tiền mặt")+COUNTIF(PhanHoi!$AA$2:$AA$21,"Đổi sang cách trả khác"))/B14 -> 0.66666667 | C15: 0.5 | D15: =IF(B15>=C15,"Đạt","Không đạt") -> Đạt | E15: Q20
