Workbook

Sheet README
A1: FtaCode Mobile — Ánh xạ Persona → Nhu cầu → Nguyên tắc → Quyết định UI → Màn hình → Kiểm chứng
A3: Sheet | B3: Nội dung
A4: Personas | B4: 3 persona × 12 trường lõi theo Persona Guideline của môn, kèm trường bắt buộc của Lab 2
A5: Needs | B5: Nhu cầu mô tả theo kết quả (không phải tính năng), gắn persona và nhãn bằng chứng
A6: Principles | B6: 8 nguyên tắc thiết kế và chuẩn làm căn cứ (Nielsen, WCAG, Material)
A7: Mapping | B7: Mỗi dòng: nhu cầu → nguyên tắc → quyết định UI → màn hình → component → cách kiểm chứng → trạng thái. Cột persona tự tra cứu bằng công thức
A8: Coverage | B8: Ma trận persona × màn hình, đếm bằng công thức COUNTIFS từ sheet Mapping
A10: Nhãn bằng chứng | B10: Observed = quan sát/nguồn thứ cấp · Reported = người thật kể (chưa có) · Inferred = suy luận · Assumed = chưa kiểm chứng, gồm mọi ý từ 5 nhân vật giả lập AI (A1–A5)
A11: Cách cập nhật | B11: Ô nền kem ở cột 'Trạng thái test' (sheet Mapping) là ô cần cập nhật sau khi test. Đổi nhãn trong sheet Needs khi có bằng chứng thật
A12: Nguồn | B12: ux/persona.md · ux/research.md · ai/ai-persona-interviews.md · ai/ai-design-log.md · design/design-decisions.md

Sheet Personas
A1: ID | B1: Tên | C1: Priority | D1: Archetype | E1: Identity | F1: Usage Context | G1: Goals | H1: Job to Be Done | I1: Current Behaviors | J1: Pain Points | K1: Motivations | L1: Constraints | M1: Key Scenarios | N1: Success Criteria | O1: Evidence & Status | P1: Thiết bị (Lab 2) | Q1: Accessibility (Lab 2)
A2: P01 | B2: Nguyễn Minh Quân | C2: Primary | D2: Người chạy giữa hai slot | E2: 20 tuổi, SV năm 2 KTPM, ở KTX | F2: Hành lang / đi bộ giữa hai tòa, một tay, mạng chập chờn, ngoài nắng | G2: Có đồ ăn trong giờ nghỉ không trễ lớp; biết món đã xong; biết đúng số tiền | H2: Khi chỉ có 15 phút giữa hai slot, tôi muốn đặt trước và ghé quầy lấy ngay, để ăn kịp mà không xếp hàng | I2: Bỏ bữa sáng, mua bù lúc nghỉ; thấy hàng dài thì bỏ; từng đặt Grab phải ra cổng; trả QR | J2: Hàng chờ giờ nghỉ → bỏ bữa/trễ lớp; không biết quán mở, còn món, bao lâu; nút nhỏ/ở trên cao | K2: Tiết kiệm thời gian; giữ chuyên cần; không nhịn đói | L2: 15 phút nghỉ (~5 phút đi bộ); một tay; mạng yếu; không muốn đăng ký | M2: S1 đặt cuối slot, hẹn giờ, lấy theo mã; S2 thanh toán timeout → tiền mặt, giữ giỏ | N2: Đặt xong đơn < 35 giây, ≤ 8 chạm (Flow 1) | O2: Assumed — A1, A5 (phỏng vấn mô phỏng AI) | P2: Android tầm trung, 360–412 dp | Q2: Tương phản cao ngoài nắng; vùng chạm ≥ 48 dp; không chỉ dùng màu
A3: P02 | B3: Trần Mỹ Linh | C3: Secondary | D3: Người đếm từng nghìn | E3: 19 tuổi, SV năm 1 Thiết kế, ở trọ | F3: Ngồi hành lang giữa hai slot sáng, hai tay, ví MoMo | G3: Ăn trong ngân sách ~40.000đ/ngày; thấy tổng tiền thật trước khi đặt | H3: Khi đói giữa buổi sáng, tôi muốn biết món nào vừa túi tiền, để không bất ngờ ở bước thanh toán | I3: Ít dùng app giao vì phí; ngại chen lấn nên đôi khi bỏ ăn | J3: Phí ship + phí dịch vụ cao hơn cả món; tổng tiền chỉ hiện ở bước cuối | K3: Tiết kiệm; thích combo, giảm giá sinh viên | L3: Ngân sách thấp; chữ nhỏ phải phóng to | M3: Lọc combo < 40.000đ, nhập mã SV, thấy giá giảm trên nút rồi đặt | N3: Thấy tổng tiền cuối cùng trước bước chọn phương thức thanh toán | O3: Assumed — A2 | P3: iPhone cũ | Q3: Chữ nội dung ≥ 14 sp
A4: P03 | B4: Cô Hạnh | C4: Supporting | D4: Người giữ nhịp quầy | E4: ~40 tuổi, nhân viên quầy Kiosk FtaCode | F4: Đứng quầy giờ nghỉ chung, vừa nấu vừa trả món | G4: Biết trước số đơn và giờ nhận; trả đúng món cho đúng người | H4: Khi nhiều SV tới cùng lúc, tôi muốn biết đơn nào đã trả và tới giờ lấy, để trả nhanh không nhầm | I4: Gọi số; kiểm tra chuyển khoản bằng tay | J4: Khách đứng chờ kiểm tra chuyển khoản; khách huỷ khi món đã nấu | K4: Bán nhiều trong giờ nghỉ; ít sai sót | L4: Ít thời gian nhìn điện thoại; tay bận | M4: Khách đưa mã lớn + QR, cô đối chiếu và trả món | N4: Trả món cho khách đặt trước trong ~30 giây | O4: Assumed — chưa có nguồn từ nhân viên thật | P4: Màn hình quầy (ngoài phạm vi) | Q4: —

Sheet Needs
A1: Need ID | B1: Persona | C1: Nhu cầu (theo kết quả) | D1: Nhãn bằng chứng
A2: N1 | B2: P01 | C2: Có đồ ăn trong giờ nghỉ mà không phải xếp hàng | D2: Assumed
A3: N2 | B3: P01 | C3: Biết quán mở/đóng và bao lâu có món trước khi quyết định | D3: Assumed
A4: N3 | B4: P01 | C4: Thao tác được bằng một tay khi đang đi bộ | D4: Assumed
A5: N4 | B5: P01 | C5: Không mất đơn khi thanh toán lỗi vì mạng yếu | D5: Assumed
A6: N5 | B6: P01 | C6: Đọc được màn hình ngoài nắng | D6: Assumed
A7: N6 | B7: P01 | C7: Bắt đầu đặt món mà không phải tạo tài khoản | D7: Assumed
A8: N7 | B8: P02 | C8: Biết chính xác tổng tiền trước khi trả | D8: Assumed
A9: N8 | B9: P02 | C9: Biết vì sao mã giảm giá không dùng được | D9: Assumed
A10: N9 | B10: P03 | C10: Đối chiếu và trả đúng đơn trong vài giây | D10: Assumed
A11: N10 | B11: P03 | C11: Không bị huỷ đơn khi món đã nấu | D11: Inferred

Sheet Principles
A1: DP ID | B1: Nguyên tắc | C1: Nội dung | D1: Căn cứ
A2: DP1 | B2: Nhanh trước tiên | C2: Mỗi bước phải rút ngắn đường tới đơn đã đặt; một hành động chính mỗi màn, ghim ở đáy. | D2: Nielsen #7 Flexibility & efficiency; Fitts's law
A3: DP2 | B3: Thấy trước khi quyết định | C3: Trạng thái quán, thời gian chờ và tiến trình đơn luôn hiển thị trước khi người dùng phải chọn. | D3: Nielsen #1 Visibility of system status
A4: DP3 | B4: Một tay, vùng ngón cái | C4: Điều hướng và nút chính nằm ở nửa dưới; mọi vùng chạm ≥ 48 × 48 dp. | D4: Material 3 accessibility; WCAG 2.5.5 Target size
A5: DP4 | B5: Giá minh bạch | C5: Giá cộng dồn hiển thị ngay khi chọn; tổng tiền thật xuất hiện trước bước thanh toán; lỗi giá/mã có lý do. | D5: Nielsen #6 Recognition; #9 Error recovery
A6: DP5 | B6: Không mất công sức khi lỗi | C6: Lỗi không bao giờ xoá giỏ hàng; luôn có ít nhất hai lối thoát (thử lại / cách khác). | D6: Nielsen #5 Error prevention; #9; #3 User control
A7: DP6 | B7: Đọc được mọi lúc | C7: Chữ thường ≥ 4,5:1, thành phần điều khiển ≥ 3:1, chữ nội dung ≥ 14 sp; trạng thái có icon + chữ. | D7: WCAG 1.4.3, 1.4.11, 1.4.1
A8: DP7 | B8: Không bắt đăng ký trước | C8: Xem menu và đặt món không cần tạo tài khoản; không thêm bước không phục vụ việc đặt. | D8: Nielsen #8 Minimalist design; insight A1, A3
A9: DP8 | B9: Dễ cho quầy | C9: Thông tin nhận đồ phải đối chiếu được trong vài giây; thao tác của khách không làm hỏng việc của bếp. | D9: Supporting persona P03; ràng buộc nghiệp vụ

Sheet Mapping
A1: # | B1: Need ID | C1: Persona (tra cứu) | D1: Nhu cầu (tra cứu) | E1: DP ID | F1: Nguyên tắc (tra cứu) | G1: Quyết định UI | H1: Màn hình | I1: Component | J1: Nguồn quyết định | K1: Cách kiểm chứng | L1: Trạng thái test
A2: 1 | B2: N1 | C2: =INDEX(Needs!$B$2:$B$11,MATCH(B2,Needs!$A$2:$A$11,0)) -> P01 | D2: =INDEX(Needs!$C$2:$C$11,MATCH(B2,Needs!$A$2:$A$11,0)) -> Có đồ ăn trong giờ nghỉ mà không phải xếp hàng | E2: DP1 | F2: =INDEX(Principles!$B$2:$B$9,MATCH(E2,Principles!$A$2:$A$9,0)) -> Nhanh trước tiên | G2: Đặt trước + hẹn giờ nhận tại quầy; CTA "Tiến hành thanh toán" ghim đáy | H2: SCR-05 | I2: Button/Primary | J2: design-decisions #05 | K2: Usability test Flow 1: < 35 giây, ≤ 8 chạm (3–5 người) | L2: Chưa test
A3: 2 | B3: N1 | C3: =INDEX(Needs!$B$2:$B$11,MATCH(B3,Needs!$A$2:$A$11,0)) -> P01 | D3: =INDEX(Needs!$C$2:$C$11,MATCH(B3,Needs!$A$2:$A$11,0)) -> Có đồ ăn trong giờ nghỉ mà không phải xếp hàng | E3: DP1 | F3: =INDEX(Principles!$B$2:$B$9,MATCH(E3,Principles!$A$2:$A$9,0)) -> Nhanh trước tiên | G3: Đặt lại đơn cũ 1 chạm | H3: SCR-08 | I3: Card + Button | J3: design-decisions #06 | K3: Đếm số chạm từ SCR-08 tới SCR-07 | L3: Chưa test
A4: 3 | B4: N2 | C4: =INDEX(Needs!$B$2:$B$11,MATCH(B4,Needs!$A$2:$A$11,0)) -> P01 | D4: =INDEX(Needs!$C$2:$C$11,MATCH(B4,Needs!$A$2:$A$11,0)) -> Biết quán mở/đóng và bao lâu có món trước khi quyết định | E4: DP2 | F4: =INDEX(Principles!$B$2:$B$9,MATCH(E4,Principles!$A$2:$A$9,0)) -> Thấy trước khi quyết định | G4: Badge trạng thái Kiosk + thời gian ước tính trên Home | H4: SCR-02 | I4: Chip/Status | J4: ai-log #01 | K4: Hỏi 6 SV: có quyết định dựa trên badge không (H3) | L4: Chưa test
A5: 4 | B5: N2 | C5: =INDEX(Needs!$B$2:$B$11,MATCH(B5,Needs!$A$2:$A$11,0)) -> P01 | D5: =INDEX(Needs!$C$2:$C$11,MATCH(B5,Needs!$A$2:$A$11,0)) -> Biết quán mở/đóng và bao lâu có món trước khi quyết định | E5: DP2 | F5: =INDEX(Principles!$B$2:$B$9,MATCH(E5,Principles!$A$2:$A$9,0)) -> Thấy trước khi quyết định | G5: Tiến trình 4 bước + mã nhận đồ | H5: SCR-07 | I5: Stepper + Card | J5: design-decisions #02 | K5: Usability test: người dùng nói được trạng thái đơn | L5: Chưa test
A6: 5 | B6: N3 | C6: =INDEX(Needs!$B$2:$B$11,MATCH(B6,Needs!$A$2:$A$11,0)) -> P01 | D6: =INDEX(Needs!$C$2:$C$11,MATCH(B6,Needs!$A$2:$A$11,0)) -> Thao tác được bằng một tay khi đang đi bộ | E6: DP3 | F6: =INDEX(Principles!$B$2:$B$9,MATCH(E6,Principles!$A$2:$A$9,0)) -> Một tay, vùng ngón cái | G6: Bottom navigation 4 tab | H6: Toàn app | I6: Navigation | J6: design-decisions #01 | K6: Kiểm Figma: mọi đích ở nửa dưới màn 360 × 800 | L6: Chưa test
A7: 6 | B7: N3 | C7: =INDEX(Needs!$B$2:$B$11,MATCH(B7,Needs!$A$2:$A$11,0)) -> P01 | D7: =INDEX(Needs!$C$2:$C$11,MATCH(B7,Needs!$A$2:$A$11,0)) -> Thao tác được bằng một tay khi đang đi bộ | E7: DP3 | F7: =INDEX(Principles!$B$2:$B$9,MATCH(E7,Principles!$A$2:$A$9,0)) -> Một tay, vùng ngón cái | G7: Vùng chạm 48 dp cho nút +/- và checkbox topping | H7: SCR-04 | I7: Stepper, Checkbox | J7: ai-log #13 | K7: Đo vùng chạm trong Figma | L7: Chưa test
A8: 7 | B8: N4 | C8: =INDEX(Needs!$B$2:$B$11,MATCH(B8,Needs!$A$2:$A$11,0)) -> P01 | D8: =INDEX(Needs!$C$2:$C$11,MATCH(B8,Needs!$A$2:$A$11,0)) -> Không mất đơn khi thanh toán lỗi vì mạng yếu | E8: DP5 | F8: =INDEX(Principles!$B$2:$B$9,MATCH(E8,Principles!$A$2:$A$9,0)) -> Không mất công sức khi lỗi | G8: Màn phục hồi lỗi: giữ giỏ, Thử lại / Tiền mặt tại quầy | H8: SCR-06-ERR | I8: Error state + Button | J8: design-decisions #04 | K8: Chạy Flow 3 trên prototype, không có ngõ cụt | L8: Chưa test
A9: 8 | B9: N5 | C9: =INDEX(Needs!$B$2:$B$11,MATCH(B9,Needs!$A$2:$A$11,0)) -> P01 | D9: =INDEX(Needs!$C$2:$C$11,MATCH(B9,Needs!$A$2:$A$11,0)) -> Đọc được màn hình ngoài nắng | E9: DP6 | F9: =INDEX(Principles!$B$2:$B$9,MATCH(E9,Principles!$A$2:$A$9,0)) -> Đọc được mọi lúc | G9: Chữ nút nâu #622B14 trên cam #F69D39 (5,23:1) | H9: Toàn app | I9: Button | J9: ai-log #06 | K9: Đo tương phản bằng công thức WCAG | L9: Đạt (tính toán)
A10: 9 | B10: N5 | C10: =INDEX(Needs!$B$2:$B$11,MATCH(B10,Needs!$A$2:$A$11,0)) -> P01 | D10: =INDEX(Needs!$C$2:$C$11,MATCH(B10,Needs!$A$2:$A$11,0)) -> Đọc được màn hình ngoài nắng | E10: DP6 | F10: =INDEX(Principles!$B$2:$B$9,MATCH(E10,Principles!$A$2:$A$9,0)) -> Đọc được mọi lúc | G10: Trạng thái luôn có icon + chữ | H10: SCR-05, SCR-07 | I10: Chip, Text field error | J10: design-decisions #07 | K10: Xem ảnh grayscale của màn hình | L10: Chưa test
A11: 10 | B11: N6 | C11: =INDEX(Needs!$B$2:$B$11,MATCH(B11,Needs!$A$2:$A$11,0)) -> P01 | D11: =INDEX(Needs!$C$2:$C$11,MATCH(B11,Needs!$A$2:$A$11,0)) -> Bắt đầu đặt món mà không phải tạo tài khoản | E11: DP7 | F11: =INDEX(Principles!$B$2:$B$9,MATCH(E11,Principles!$A$2:$A$9,0)) -> Không bắt đăng ký trước | G11: Không thêm đăng nhập tích điểm | H11: SCR-02 | I11: — | J11: ai-log #12 (Reject) | K11: Hỏi 6 SV: có bỏ app nếu bắt đăng ký (H4) | L11: Chưa test
A12: 11 | B12: N7 | C12: =INDEX(Needs!$B$2:$B$11,MATCH(B12,Needs!$A$2:$A$11,0)) -> P02 | D12: =INDEX(Needs!$C$2:$C$11,MATCH(B12,Needs!$A$2:$A$11,0)) -> Biết chính xác tổng tiền trước khi trả | E12: DP4 | F12: =INDEX(Principles!$B$2:$B$9,MATCH(E12,Principles!$A$2:$A$9,0)) -> Giá minh bạch | G12: Giá topping cộng dồn hiển thị trên nút CTA | H12: SCR-04 | I12: Button/Primary | J12: ai-log #02 | K12: Usability test: người dùng nói đúng tổng tiền trước khi trả | L12: Chưa test
A13: 12 | B13: N7 | C13: =INDEX(Needs!$B$2:$B$11,MATCH(B13,Needs!$A$2:$A$11,0)) -> P02 | D13: =INDEX(Needs!$C$2:$C$11,MATCH(B13,Needs!$A$2:$A$11,0)) -> Biết chính xác tổng tiền trước khi trả | E13: DP4 | F13: =INDEX(Principles!$B$2:$B$9,MATCH(E13,Principles!$A$2:$A$9,0)) -> Giá minh bạch | G13: Bảng tổng tiền đầy đủ ở giỏ hàng, không phí phát sinh sau | H13: SCR-05 | I13: Card/Summary | J13: ai-log #10 | K13: So tổng ở SCR-05 với SCR-06 | L13: Chưa test
... A16: 15 | B16: N10 | C16: =INDEX(Needs!$B$2:$B$11,MATCH(B16,Needs!$A$2:$A$11,0)) -> P03 | D16: =INDEX(Needs!$C$2:$C$11,MATCH(B16,Needs!$A$2:$A$11,0)) -> Không bị huỷ đơn khi món đã nấu | E16: DP8 | F16: =INDEX(Principles!$B$2:$B$9,MATCH(E16,Principles!$A$2:$A$9,0)) -> Dễ cho quầy | G16: Chỉ cho huỷ trong 60 giây đầu, có dialog xác nhận | H16: SCR-07 | I16: Dialog/Destructive | J16: ai-log #04 | K16: Hỏi nhân viên quầy về thời điểm bắt đầu nấu | L16: Chưa test

Sheet Coverage
A1: Số quyết định UI phục vụ từng persona, theo màn hình (đếm từ sheet Mapping)
A3: Persona | B3: SCR-02 | C3: SCR-04 | D3: SCR-05 | E3: SCR-06-ERR | F3: SCR-07 | G3: SCR-08 | H3: Toàn app | I3: Tổng
A4: P01 | B4: =COUNTIFS(Mapping!$C$2:$C$16,$A4,Mapping!$H$2:$H$16,"*"&B$3&"*") -> 2 | C4: =COUNTIFS(Mapping!$C$2:$C$16,$A4,Mapping!$H$2:$H$16,"*"&C$3&"*") -> 1 | D4: =COUNTIFS(Mapping!$C$2:$C$16,$A4,Mapping!$H$2:$H$16,"*"&D$3&"*") -> 2 | E4: =COUNTIFS(Mapping!$C$2:$C$16,$A4,Mapping!$H$2:$H$16,"*"&E$3&"*") -> 1 | F4: =COUNTIFS(Mapping!$C$2:$C$16,$A4,Mapping!$H$2:$H$16,"*"&F$3&"*") -> 2 | G4: =COUNTIFS(Mapping!$C$2:$C$16,$A4,Mapping!$H$2:$H$16,"*"&G$3&"*") -> 1 | H4: =COUNTIFS(Mapping!$C$2:$C$16,$A4,Mapping!$H$2:$H$16,"*"&H$3&"*") -> 2 | I4: =SUM(B4:H4) -> 11
A5: P02 | B5: =COUNTIFS(Mapping!$C$2:$C$16,$A5,Mapping!$H$2:$H$16,"*"&B$3&"*") -> 0 | C5: =COUNTIFS(Mapping!$C$2:$C$16,$A5,Mapping!$H$2:$H$16,"*"&C$3&"*") -> 1 | D5: =COUNTIFS(Mapping!$C$2:$C$16,$A5,Mapping!$H$2:$H$16,"*"&D$3&"*") -> 2 | E5: =COUNTIFS(Mapping!$C$2:$C$16,$A5,Mapping!$H$2:$H$16,"*"&E$3&"*") -> 0 | F5: =COUNTIFS(Mapping!$C$2:$C$16,$A5,Mapping!$H$2:$H$16,"*"&F$3&"*") -> 0 | G5: =COUNTIFS(Mapping!$C$2:$C$16,$A5,Mapping!$H$2:$H$16,"*"&G$3&"*") -> 0 | H5: =COUNTIFS(Mapping!$C$2:$C$16,$A5,Mapping!$H$2:$H$16,"*"&H$3&"*") -> 0 | I5: =SUM(B5:H5) -> 3
A6: P03 | B6: =COUNTIFS(Mapping!$C$2:$C$16,$A6,Mapping!$H$2:$H$16,"*"&B$3&"*") -> 0 | C6: =COUNTIFS(Mapping!$C$2:$C$16,$A6,Mapping!$H$2:$H$16,"*"&C$3&"*") -> 0 | D6: =COUNTIFS(Mapping!$C$2:$C$16,$A6,Mapping!$H$2:$H$16,"*"&D$3&"*") -> 0 | E6: =COUNTIFS(Mapping!$C$2:$C$16,$A6,Mapping!$H$2:$H$16,"*"&E$3&"*") -> 0 | F6: =COUNTIFS(Mapping!$C$2:$C$16,$A6,Mapping!$H$2:$H$16,"*"&F$3&"*") -> 2 | G6: =COUNTIFS(Mapping!$C$2:$C$16,$A6,Mapping!$H$2:$H$16,"*"&G$3&"*") -> 0 | H6: =COUNTIFS(Mapping!$C$2:$C$16,$A6,Mapping!$H$2:$H$16,"*"&H$3&"*") -> 0 | I6: =SUM(B6:H6) -> 2
A8: Ghi chú: một quyết định ghi nhiều màn (ví dụ "SCR-05, SCR-07") được đếm ở cả hai cột. P03 thấp là bình thường vì app phía quầy nằm ngoài phạm vi Lab 2.
