Workbook

Sheet README
A1: FtaCode Mobile — AI Evaluation Log (version × đánh giá của AI × quyết định)
A3: Sheet | B3: Nội dung
A4: Versions | B4: Các phiên bản thiết kế V0 → V5 (gồm 3 vòng lặp Stitch I01–I03): công cụ, ngày, thay đổi, vấn đề nhắm tới, minh chứng
A5: AI_Findings | B5: Mọi phát hiện của AI (và lần đo lại): vòng đánh giá, công cụ, phiên bản bị đánh giá, màn hình, tiêu chí, mức độ, đề xuất, mã quyết định. Cột cuối tự tra loại quyết định
A6: Decisions | B6: D01–D17: Accept / Modify / Reject, lý do, phiên bản áp dụng, trạng thái trong Figma. Cột "Số phát hiện" đếm bằng công thức
A7: Summary | B7: Đếm theo vòng đánh giá, mức độ, loại quyết định, trạng thái Figma (công thức COUNTIF)
A9: Mã ID | B9: Theo Chuẩn chung C7 của môn: I = vòng lặp AI, D = quyết định. C = phát hiện critique (mã riêng của file này)
A10: Nguồn | B10: ai/ai-design-log.md (mục 2–5, Phụ lục A, B) · ai/ai-persona-interviews.md · design/DESIGN.md mục 2.5
A11: Lưu ý | B11: R1 (Gemini) chỉ còn bản tóm tắt nên không có mức độ. Ảnh trước/sau của I01–I03 đang trùng file, cần chụp lại từ lịch sử Stitch. Ô nền kem ở cột "Trạng thái Figma" (sheet Decisions) là chỗ cập nhật sau khi sửa Figma

Sheet Versions
A1: Version | B1: Tên | C1: Công cụ | D1: Ngày | E1: Thay đổi | F1: Vấn đề nhắm tới | G1: Màn hình | H1: Minh chứng | I1: Trạng thái minh chứng
A2: P0 | B2: Xác định vấn đề (bổ sung 19/10) | C2: Tài liệu repo + Claude phản biện | D2: 19/10/2026 | E2: Idea Board 4 hướng, problem statement, assumption log, MVP scope | F2: Chuẩn hoá theo quy trình P0 | G2: — | H2: ux/p0-problem-framing.md | I2: Có
A3: P1 | B3: Nghiên cứu (bổ sung 19/10) | C3: Tài liệu repo + Claude phản biện | D3: 19/10/2026 | E3: Research plan, protocol, evidence log, insight, journey | F3: Chuẩn hoá theo quy trình P1 | G3: — | H3: ux/p1-research.md | I3: Có (chưa có người thật)
A4: P2 | B4: UX Design (bổ sung 20/10) | C4: Tài liệu repo + Claude phản biện | D4: 20/10/2026 | E4: Evidence matrix, JTBD, user story, journey, trạng thái biên, walkthrough | F4: Chuẩn hoá theo quy trình P2 | G4: S01–S08 | H4: ux/p2-ux-design.md | I4: Có (walkthrough do AI)
A5: P3 | B5: UI Concept (bổ sung 20/10) | C5: Stitch (A) + Claude HTML (B, C) | D5: 20/10/2026 | E5: 3 concept Trang chủ, style guide, contrast baseline | F5: Chuẩn hoá theo quy trình P3 | G5: S02 | H5: design/p3-ui-concept-style-guide.md · assets/concepts/ | I5: Có
A6: P4 | B6: UI chi tiết & prototype (bổ sung 20/10) | C6: Tài liệu repo + Claude chấm/phản biện | D6: 20/10/2026 | E6: Coverage matrix, prototype spec, UI checklist mức nền, change log, QA log | F6: Chuẩn hoá theo quy trình P4 | G6: S01–S08 | H6: design/p4-detailed-ui-prototype.md | I6: Có (Figma chưa kiểm)
A7: V0 | B7: Bản Stitch đầu tiên | C7: Google Stitch | D7: 15/10/2026 (log) · commit 13/10/2026 | E7: Sinh 4 màn hình từ prompt dựa trên DESIGN.md | F7: — | G7: Home, Chi tiết, Giỏ hàng, Theo dõi đơn | H7: ai-design-log mục 2.1–2.2 · assets/stitch/01–04 | I7: Có
A8: I01 | B8: Vòng lặp 1 | C8: Google Stitch | D8: 14/10/2026 (commit) | E8: Ghim CTA xuống đáy, giá động trên nút | F8: Tương phản thấp & CTA bị chìm | G8: SCR-04, SCR-05 | H8: assets/stitch/iteration1_* | I8: Cần chụp lại (ảnh trùng file)
A9: I02 | B9: Vòng lặp 2 | C9: Google Stitch | D9: 14/10/2026 (commit) | E9: Thêm empty state giỏ hàng + dialog xác nhận xoá | F9: Thiếu empty state & dễ xoá nhầm | G9: SCR-05 | H9: assets/stitch/iteration2_* | I9: Cần chụp lại (ảnh trùng file)
A10: I03 | B10: Vòng lặp 3 | C10: Google Stitch | D10: 14/10/2026 (commit) | E10: Thêm màn phục hồi lỗi thanh toán, giữ giỏ hàng | F10: Lỗi thanh toán là ngõ cụt | G10: SCR-06-ERR | H10: assets/stitch/iteration3_* | I10: Cần chụp lại (ảnh trùng file)
A11: V4 | B11: Bản Figma 6 page | C11: Figma (dựng bằng plugin) | D11: 15/10/2026 (commit) | E11: Dựng 8 màn + biến thể, design system, components, prototype | F11: — | G11: SCR-01 → SCR-08 | H11: Link Figma · assets/figma/ | I11: Cần xuất lại PNG từ Figma
A12: V5 | B12: Bản sửa sau đánh giá | C12: Tài liệu repo (Claude hỗ trợ) | D12: 17/10/2026 | E12: Sửa token màu theo đo WCAG, persona theo guideline, quyết định D06–D17 | F12: Kết quả các vòng AI đánh giá | G12: Toàn app | H12: design/DESIGN.md mục 2.5 · ai-design-log mục 5 | I12: Figma chưa cập nhật

Sheet AI_Findings
A1: Finding ID | B1: Vòng đánh giá | C1: Công cụ AI | D1: Ngày | E1: Version bị đánh giá | F1: Màn hình / file | G1: Tiêu chí | H1: Mức độ | I1: Phát hiện | J1: AI đề xuất | K1: Decision ID | L1: Loại quyết định (tra cứu)
A2: P0-C01 | B2: R0 Phản biện P0 | C2: Claude Opus 5.5 | D2: 19/10/2026 | E2: P0 | F2: Problem statement | G2: Problem framing (G0) | H2: Cao | I2: Problem statement chứa giải pháp đặt trước, nhận tại quầy | J2: Chỉ mô tả vấn đề, thêm How might we | K2: D18 | L2: =IFERROR(INDEX(Decisions!$B$2:$B$43,MATCH(K2,Decisions!$A$2:$A$43,0)),"Chưa quyết định") -> Modify
A3: P0-C02 | B3: R0 Phản biện P0 | C3: Claude Opus 5.5 | D3: 19/10/2026 | E3: P0 | F3: Chỉ số thành công | G3: Problem framing (G0) | H3: Vừa | I3: Chỉ số chỉ đo tốc độ thao tác, không đo việc giảm bỏ bữa | J3: Thêm chỉ số kết quả | K3: D19 | L3: =IFERROR(INDEX(Decisions!$B$2:$B$43,MATCH(K3,Decisions!$A$2:$A$43,0)),"Chưa quyết định") -> Accept
A4: P0-C03 | B4: R0 Phản biện P0 | C4: Claude Opus 5.5 | D4: 19/10/2026 | E4: P0 | F4: Idea Board | G4: Ưu tiên Impact × Feasibility | H4: Vừa | I4: Feasibility của hướng app cao chủ yếu vì khớp đề bài | J4: Cân nhắc chuyển sang web đặt qua QR | K4: D20 | L4: =IFERROR(INDEX(Decisions!$B$2:$B$43,MATCH(K4,Decisions!$A$2:$A$43,0)),"Chưa quyết định") -> Reject
A5: P0-C04 | B5: R0 Phản biện P0 | C5: Claude Opus 5.5 | D5: 19/10/2026 | E5: P0 | F5: Assumption log | G5: Fact / Hypothesis / Unknown | H5: Cao | I5: Thiếu giả định về năng lực bếp giờ nghỉ | J5: Thêm giả định phía cung | K5: D21 | L5: =IFERROR(INDEX(Decisions!$B$2:$B$43,MATCH(K5,Decisions!$A$2:$A$43,0)),"Chưa quyết định") -> Accept
A6: P0-C05 | B6: R0 Phản biện P0 | C6: Claude Opus 5.5 | D6: 19/10/2026 | E6: P0 | F6: Assumption log | G6: Fact / Hypothesis / Unknown | H6: Thấp | I6: Căn tin đông giờ nghỉ đang coi như sự thật | J6: Xếp vào Unknown | K6: D22 | L6: =IFERROR(INDEX(Decisions!$B$2:$B$43,MATCH(K6,Decisions!$A$2:$A$43,0)),"Chưa quyết định") -> Accept
A7: P1-C01 | B7: R5 Phản biện P1 | C7: Claude Opus 5.5 | D7: 19/10/2026 | E7: P1 | F7: Research | G7: Gate G1 Critical 1 | H7: Cao | I7: Mọi insight hành vi đều từ nhân vật giả lập | J7: Giải trình rõ, có kế hoạch, không coi là dữ liệu | K7: D23 | L7: =IFERROR(INDEX(Decisions!$B$2:$B$43,MATCH(K7,Decisions!$A$2:$A$43,0)),"Chưa quyết định") -> Accept
A8: P1-C02 | B8: R5 Phản biện P1 | C8: Claude Opus 5.5 | D8: 19/10/2026 | E8: P1 | F8: INS-06 / Flow 3 | G8: Insight từ 1 nguồn | H8: Cao | I8: Flow 3 xây trên insight chỉ có 1 nguồn giả lập | J8: Hạ tin cậy, kiểm bằng RQ5 | K8: D24 | L8: =IFERROR(INDEX(Decisions!$B$2:$B$43,MATCH(K8,Decisions!$A$2:$A$43,0)),"Chưa quyết định") -> Modify
A9: P1-C03 | B9: R5 Phản biện P1 | C9: Claude Opus 5.5 | D9: 19/10/2026 | E9: P1 | F9: Bảng đối thủ | G9: Truy vết nguồn | H9: Vừa | I9: Ô đối thủ lấy từ giả lập nhưng trông như thử thật | J9: Ghi rõ nguồn giả lập | K9: D25 | L9: =IFERROR(INDEX(Decisions!$B$2:$B$43,MATCH(K9,Decisions!$A$2:$A$43,0)),"Chưa quyết định") -> Accept
A10: P1-C04 | B10: R5 Phản biện P1 | C10: Claude Opus 5.5 | D10: 19/10/2026 | E10: P1 | F10: Phương pháp | G10: Thiên lệch | H10: Vừa | I10: Cùng hệ AI vừa đóng vai người dùng vừa hỗ trợ thiết kế | J10: Ghi vào giới hạn | K10: D26 | L10: =IFERROR(INDEX(Decisions!$B$2:$B$43,MATCH(K10,Decisions!$A$2:$A$43,0)),"Chưa quyết định") -> Accept
A11: P1-C05 | B11: R5 Phản biện P1 | C11: Claude Opus 5.5 | D11: 19/10/2026 | E11: P1 | F11: Bộ phỏng vấn giả lập | G11: Câu hỏi dẫn dắt | H11: Thấp | I11: Câu 8 giả định sẵn giải pháp | J11: Chỉ hỏi việc đã xảy ra | K11: D27 | L11: =IFERROR(INDEX(Decisions!$B$2:$B$43,MATCH(K11,Decisions!$A$2:$A$43,0)),"Chưa quyết định") -> Accept
A12: P2-C01 | B12: R6 Phản biện P2 | C12: Claude Opus 5.5 | D12: 20/10/2026 | E12: P2 | F12: F1 · S06 | G12: Bước thừa so với ≤ 8 chạm | H12: Vừa | I12: Xác nhận hai lần: nút Xác nhận + dialog Đồng ý | J12: Bỏ một bước hoặc bù chạm | K12: D28 | L12: =IFERROR(INDEX(Decisions!$B$2:$B$43,MATCH(K12,Decisions!$A$2:$A$43,0)),"Chưa quyết định") -> Modify
A13: P2-C02 | B13: R6 Phản biện P2 | C13: Claude Opus 5.5 | D13: 20/10/2026 | E13: P2 | F13: F1 · S04 | G13: Hành vi dev phải hỏi lại | H13: Vừa | I13: Sau Thêm vào giỏ: tới S05 hay về menu chưa chốt | J13: Chốt một hành vi | K13: D29 | L13: =IFERROR(INDEX(Decisions!$B$2:$B$43,MATCH(K13,Decisions!$A$2:$A$43,0)),"Chưa quyết định") -> Accept
... A44: C18 | B44: R4 Critique bổ sung | C44: Claude Opus 5.5 | D44: 17/10/2026 | E44: V0 | F44: SCR-02 | G44: Nielsen #7 Flexibility (gợi ý mở rộng) | H44: Gợi ý | I44: Đề xuất đăng nhập email sinh viên để tích điểm | J44: Thêm đăng nhập tích điểm | K44: D12 | L44: =IFERROR(INDEX(Decisions!$B$2:$B$43,MATCH(K44,Decisions!$A$2:$A$43,0)),"Chưa quyết định") -> Reject

Sheet Decisions
A1: Decision ID | B1: Loại | C1: Quyết định | D1: Lý do (persona / heuristic / ràng buộc) | E1: Version áp dụng | F1: Trạng thái Figma | G1: Số phát hiện dẫn tới
A2: D01 | B2: Accept | C2: Badge trạng thái Kiosk trên Home | D2: Nielsen #1; tránh chọn món xong mới biết quầy quá tải | E2: V4 | F2: Đã có trong Figma | G2: =COUNTIF(AI_Findings!$K$2:$K$44,A2) -> 1
A3: D02 | B3: Accept | C3: Giá topping cộng dồn trên nút CTA | D3: Nielsen #6; persona có ngân sách giới hạn | E3: V4 | F3: Đã có trong Figma | G3: =COUNTIF(AI_Findings!$K$2:$K$44,A3) -> 1
A4: D03 | B4: Accept | C4: Lỗi voucher có icon + lý do | D4: Nielsen #9; WCAG 1.4.1 | E4: V4 | F4: Đã có trong Figma | G4: =COUNTIF(AI_Findings!$K$2:$K$44,A4) -> 1
A5: D04 | B5: Modify | C5: Chỉ cho huỷ trong 60 giây đầu, có dialog | D5: Ràng buộc bếp (P03) | E5: V4 | F5: Đã có trong Figma | G5: =COUNTIF(AI_Findings!$K$2:$K$44,A5) -> 1
A6: D05 | B6: Accept | C6: Icon lọc danh mục 48 × 48 dp | D6: WCAG 2.5.5; thao tác một tay | E6: V4 | F6: Cần kiểm trong Figma | G6: =COUNTIF(AI_Findings!$K$2:$K$44,A6) -> 1
A7: D06 | B7: Modify | C7: Giữ nền cam, chữ nút nâu #622B14 (5,23:1) | D7: WCAG 1.4.3; dùng ngoài nắng | E7: V5 | F7: Chưa cập nhật Figma | G7: =COUNTIF(AI_Findings!$K$2:$K$44,A7) -> 2
A8: D07 | B8: Accept | C8: Bỏ số liệu không nguồn khỏi persona | D8: Persona Guideline: bằng chứng hoặc nhãn giả định | E8: V5 | F8: Chỉ tài liệu | G8: =COUNTIF(AI_Findings!$K$2:$K$44,A8) -> 1
A9: D08 | B9: Accept | C9: Persona dùng Android tầm trung | D9: Nhất quán với khung 360 dp | E9: V5 | F9: Chỉ tài liệu | G9: =COUNTIF(AI_Findings!$K$2:$K$44,A9) -> 1
A10: D09 | B10: Modify | C10: Ghi "ngại cài app" là rủi ro, giữ web làm dự phòng | D10: Nhóm mục tiêu không phản đối app | E10: V5 | F10: Chỉ tài liệu | G10: =COUNTIF(AI_Findings!$K$2:$K$44,A10) -> 1
A11: D10 | B11: Accept | C11: Tách Giỏ hàng (SCR-05) và Thanh toán (SCR-06) | D11: Nielsen #8; IA đã định nghĩa 2 màn | E11: V4 | F11: Đã tách trong Figma; cần xuất lại PNG | G11: =COUNTIF(AI_Findings!$K$2:$K$44,A11) -> 1
A12: D11 | B12: Modify | C12: Mã lỗi đưa vào dòng "Mã tham chiếu" nhỏ | D12: Nielsen #9; quầy vẫn tra cứu được | E12: V5 | F12: Chưa cập nhật Figma | G12: =COUNTIF(AI_Findings!$K$2:$K$44,A12) -> 1
A13: D12 | B13: Reject | C13: Không thêm đăng nhập tích điểm | D13: A1, A3 bỏ app nếu bắt đăng ký; mục tiêu < 35 giây | E13: V5 | F13: Không đổi | G13: =COUNTIF(AI_Findings!$K$2:$K$44,A13) -> 1
... A43: D42 | B43: Accept | C43: Điểm Stitch là mức nền; chấm lại trên Figma | D43: Gate G4 yêu cầu bản cuối | E43: P4 | F43: Chỉ tài liệu | G43: =COUNTIF(AI_Findings!$K$2:$K$44,A43) -> 1

Sheet Summary
A1: Phát hiện theo vòng đánh giá
A2: Nhóm | B2: Số lượng
A3: R0 Phản biện P0 | B3: =COUNTIF(AI_Findings!$B$2:$B$44,A3) -> 5
A4: R5 Phản biện P1 | B4: =COUNTIF(AI_Findings!$B$2:$B$44,A4) -> 5
A5: R6 Phản biện P2 | B5: =COUNTIF(AI_Findings!$B$2:$B$44,A5) -> 5
A6: R7 Phản biện P3 | B6: =COUNTIF(AI_Findings!$B$2:$B$44,A6) -> 5
A7: R8 Phản biện P4 | B7: =COUNTIF(AI_Findings!$B$2:$B$44,A7) -> 5
A8: R1 Critique đầu | B8: =COUNTIF(AI_Findings!$B$2:$B$44,A8) -> 5
A9: R2 Đo lại sau I01 | B9: =COUNTIF(AI_Findings!$B$2:$B$44,A9) -> 1
A10: R3 Phản biện persona | B10: =COUNTIF(AI_Findings!$B$2:$B$44,A10) -> 3
A11: R4 Critique bổ sung | B11: =COUNTIF(AI_Findings!$B$2:$B$44,A11) -> 9
A12: Tổng | B12: =SUM(B3:B11) -> 43
A14: Phát hiện theo mức độ
A15: Nhóm | B15: Số lượng
A16: Cao | B16: =COUNTIF(AI_Findings!$H$2:$H$44,A16) -> 10
A17: Vừa | B17: =COUNTIF(AI_Findings!$H$2:$H$44,A17) -> 19
A18: Thấp | B18: =COUNTIF(AI_Findings!$H$2:$H$44,A18) -> 8
A19: Gợi ý | B19: =COUNTIF(AI_Findings!$H$2:$H$44,A19) -> 1
A20: Không ghi | B20: =COUNTIF(AI_Findings!$H$2:$H$44,A20) -> 5
A21: Tổng | B21: =SUM(B16:B20) -> 43
A23: Quyết định theo loại
A24: Nhóm | B24: Số lượng
A25: Accept | B25: =COUNTIF(Decisions!$B$2:$B$43,A25) -> 27
A26: Modify | B26: =COUNTIF(Decisions!$B$2:$B$43,A26) -> 12
A27: Reject | B27: =COUNTIF(Decisions!$B$2:$B$43,A27) -> 3
A28: Tổng | B28: =SUM(B25:B27) -> 42
A30: Quyết định theo trạng thái Figma
A31: Nhóm | B31: Số lượng
A32: Đã có trong Figma | B32: =COUNTIF(Decisions!$F$2:$F$43,A32) -> 4
A33: Chưa cập nhật Figma | B33: =COUNTIF(Decisions!$F$2:$F$43,A33) -> 16
A34: Cần kiểm trong Figma | B34: =COUNTIF(Decisions!$F$2:$F$43,A34) -> 2
A35: Đã tách trong Figma; cần xuất lại PNG | B35: =COUNTIF(Decisions!$F$2:$F$43,A35) -> 1
A36: Chỉ tài liệu | B36: =COUNTIF(Decisions!$F$2:$F$43,A36) -> 14
A37: Sửa tài liệu flow | B37: =COUNTIF(Decisions!$F$2:$F$43,A37) -> 1
A38: Không đổi | B38: =COUNTIF(Decisions!$F$2:$F$43,A38) -> 4
A39: Tổng | B39: =SUM(B32:B38) -> 42
A41: Phát hiện chưa có quyết định | B41: =COUNTIF(AI_Findings!$L$2:$L$44,"Chưa quyết định") -> 0
